image_url,generated_alt
https://www.magicalmelghat.in/public/website/image/jointlogonew.png,A historical monument
https://www.magicalmelghat.in/public/website/image/melghatlogo-name.png,A historical monument
https://www.magicalmelghat.in/public/website/image/logo.png,A historical monument
https://www.magicalmelghat.in/public/website/image/close.png,A historical monument
https://www.magicalmelghat.in/public/website/image/satymevlogo.png,A historical monument
https://www.magicalmelghat.in/public/website/image/mh-logo.png,A historical monument
https://www.magicalmelghat.in/public/website/image/meghat-paces/melghat-image1.jpeg,A historical monument
https://www.magicalmelghat.in/public/website/image/meghat-paces/melghat-image5.jpg,An animal in the wild
https://www.magicalmelghat.in/public/website/image/meghat-paces/melghat-image4.jpg,A scenic landscape
https://www.magicalmelghat.in/public/website/image/meghat-paces/melghat-image8.jpg,A historical monument
https://www.magicalmelghat.in/public/website/image/meghat-paces/melghat-image6.jpg,A scenic landscape
https://www.magicalmelghat.in/public/website/image/meghat-paces/melghat-image3.jpg,An animal in the wild
https://www.magicalmelghat.in/public/website/image/meghat-paces/melghat-image5.jpg,An animal in the wild
https://www.magicalmelghat.in/public/website/image/hero-slider/honey_badger.png,An animal in the wild
https://www.magicalmelghat.in/public/website/image/hero-slider/frog.png,An animal in the wild
https://www.magicalmelghat.in/public/website/image/hero-slider/lion_tailed_macaque.png,An animal in the wild
https://www.magicalmelghat.in/public/website/image/hero-slider/snow_leopard.png,An animal in the wild
https://www.magicalmelghat.in/public/website/image/hero-slider/barn-owl.png,An animal in the wild
https://magicalmelghat.in/public/images/gallery/159316636314680575_1190599951006239_2231611931293505624_n.jpg,A food dish
https://magicalmelghat.in/public/images/gallery/159316637425446386_1612969112102652_3262269178880555884_n.jpg,A historical monument
https://magicalmelghat.in/public/images/gallery/159316638241930291_1936259209773639_2534260193332559872_o.jpg,An animal in the wild
https://magicalmelghat.in/public/images/gallery/159316639061276737_2306325969433626_3844622936879136768_o.jpg,An animal in the wild
https://magicalmelghat.in/public/images/gallery/159316639872626137_2668870943179125_5716639889458462720_n.jpg,An animal in the wild
https://magicalmelghat.in/public/images/gallery/159316640879669384_2714973868568832_4876283002025410560_n.jpg,An animal in the wild
https://magicalmelghat.in/public/images/gallery/159316641879856704_2714568788609340_8177676413722165248_n.jpg,An animal in the wild
https://magicalmelghat.in/public/images/gallery/159316642879966685_2714973011902251_8244248247896375296_n.jpg,An animal in the wild
https://magicalmelghat.in/public/images/gallery/159316644280033340_2714972695235616_2690914946450980864_n.jpg,An animal in the wild
https://magicalmelghat.in/public/images/gallery/159316645680551320_2714973578568861_8899019405195739136_n.jpg,An animal in the wild
https://magicalmelghat.in/public/images/gallery/159316646580851125_2714568881942664_3348000013086097408_n.jpg,An animal in the wild
https://magicalmelghat.in/public/images/gallery/159316647381224975_2744693288930223_7781789529790218240_n.jpg,An animal in the wild
https://magicalmelghat.in/public/images/gallery/159316648282424433_2756752581057627_2026690682097238016_o.jpg,An animal in the wild
https://magicalmelghat.in/public/images/gallery/159316649484136744_2850619205004297_1812784427239997440_n.jpg,A scenic landscape
https://magicalmelghat.in/public/images/gallery/159316650384446453_2805838759482342_310995476642004992_o.jpg,An animal in the wild
https://magicalmelghat.in/public/images/gallery/159316651684903102_2826650614067823_3906608295737032704_n.jpg,An animal in the wild
https://magicalmelghat.in/public/images/gallery/159316652596102215_3023650111034538_34333036556320768_n.jpg,An animal in the wild
https://magicalmelghat.in/public/images/gallery/159316653796287399_3023650224367860_5775727223428349952_n.jpg,An animal in the wild
https://magicalmelghat.in/public/images/gallery/1593166547103041041_3842299695840842_8593999477715079406_o.jpg,A scenic landscape
https://magicalmelghat.in/public/images/gallery/1593166556103289594_3101458956586986_7172799703549806296_o.jpg,An animal in the wild
https://magicalmelghat.in/public/images/gallery/1593166777Abhijeet Kothale-8498.jpg,A historical monument
https://magicalmelghat.in/public/images/gallery/1593166783Ashish Tomar (19).jpg,A scenic landscape
https://magicalmelghat.in/public/images/gallery/1593166788Ashish Tomar (tribal).jpg,A scenic landscape
https://magicalmelghat.in/public/images/gallery/1593166794Ashish tomar Chikhaldara (3).jpg,A scenic landscape
https://magicalmelghat.in/public/images/gallery/1593166801Ashish Tomar new supplies (14).jpg,A scenic landscape
https://magicalmelghat.in/public/images/gallery/1593166806FSO-1.JPG,An animal in the wild
https://magicalmelghat.in/public/images/gallery/1593166812Gaur GD muratar.JPG,An animal in the wild
https://magicalmelghat.in/public/images/gallery/1593166831sawan deshmukh (1).JPG,An animal in the wild
https://magicalmelghat.in/public/images/gallery/1593166838sawan deshmukh (19).JPG,An animal in the wild
https://magicalmelghat.in/public/images/gallery/1593166850sawan deshmukh (23).jpg,An animal in the wild
https://magicalmelghat.in/public/images/gallery/1593166857sawan deshmukh (33).jpg,A scenic landscape
https://magicalmelghat.in/public/images/gallery/1593166864sawan deshmukh (43).jpg,A scenic landscape
https://magicalmelghat.in/public/images/gallery/1593166869sawan deshmukh (65).JPG,An animal in the wild
https://magicalmelghat.in/public/images/gallery/1593166877sawan deshmukh (198).JPG,An animal in the wild
https://magicalmelghat.in/public/images/gallery/1593166884sawan deshmukh (209).JPG,An animal in the wild
https://magicalmelghat.in/public/images/gallery/1593166890sawan deshmukh (289).JPG,A scenic landscape
https://magicalmelghat.in/public/images/gallery/1593166896sawan deshmukh (311).JPG,An animal in the wild
https://magicalmelghat.in/public/images/gallery/1593166901sawan deshmukh (341).JPG,An animal in the wild
https://magicalmelghat.in/public/images/gallery/1593166907sawan deshmukh (434).JPG,An animal in the wild
https://magicalmelghat.in/public/images/gallery/1593167157sawan deshmukh (490).JPG,An animal in the wild
https://magicalmelghat.in/public/images/gallery/1593167163sulai waterfall.jpg,A scenic landscape
https://magicalmelghat.in/public/images/gallery/1593167169Sunil wakode (13).JPG,An animal in the wild
https://magicalmelghat.in/public/images/gallery/1593167176Vishal Bansod (54).jpg,A food dish
https://magicalmelghat.in/public/images/gallery/1593167181Vishal Bansod (65).jpg,A historical monument
https://magicalmelghat.in/public/images/gallery/1593167188Vishal Bansod-tribal (1).jpg,A food dish
https://magicalmelghat.in/public/images/gallery/1593167193Vishal Bansod-tribal (6).jpg,A food dish
https://magicalmelghat.in/public/images/gallery/159316864581298720_2744693365596882_2602071963090288640_n.jpg,An animal in the wild
https://magicalmelghat.in/public/images/gallery/159316865998205525_3054193204646895_7806453340832792576_o.jpg,An animal in the wild
https://magicalmelghat.in/public/images/gallery/1593168666100597174_3060748503991365_7870124968275607552_n.jpg,An animal in the wild
https://magicalmelghat.in/public/images/gallery/1593168674104072900_3116745058391709_3149238378524404441_n.jpg,An animal in the wild
https://magicalmelghat.in/public/images/gallery/1593406985105567599_3155678421165039_8371016628353044482_n.jpg,An animal in the wild
https://magicalmelghat.in/public/images/gallery/1593406991105833586_3155678441165037_4595632984494291811_n.jpg,An animal in the wild
https://magicalmelghat.in/public/images/gallery/1593406997106006192_3155153177884230_3202240484376983859_n.jpg,An animal in the wild
https://magicalmelghat.in/public/images/gallery/1593407003106099472_3155678304498384_7202370489757523257_n.jpg,An animal in the wild
https://magicalmelghat.in/public/images/gallery/1593407009106125171_3153491081383773_3309516510711048953_n.jpg,An animal in the wild
https://magicalmelghat.in/public/images/gallery/1593412389IMG-20200130-WA0274.jpg,An animal in the wild
https://magicalmelghat.in/public/images/gallery/1593412395praiz photo 5 2.JPG,An animal in the wild
https://magicalmelghat.in/public/images/gallery/159341250520200203_193422.jpg,A scenic landscape
https://magicalmelghat.in/public/images/gallery/159341251220190930181207_IMG_0696.JPG,An animal in the wild
https://magicalmelghat.in/public/images/gallery/1593418304Bird eye view of Narnala fort.jpg,A scenic landscape
https://magicalmelghat.in/public/images/gallery/1593418316Canon on Narnala fort.jpeg,A historical monument
https://magicalmelghat.in/public/images/gallery/1593418325Khuni buruj of Narnala fort.jpeg,A historical monument
"https://magicalmelghat.in/public/images/gallery/1593418333khuni buruj, Narnala Fort.jpg",A historical monument
https://magicalmelghat.in/public/images/gallery/1593418370Shardul baba Tekadi.jpg,A scenic landscape
https://magicalmelghat.in/public/images/gallery/1594966073106903751_3978095095594634_1019283787081990215_n.jpg,An animal in the wild
https://magicalmelghat.in/public/images/gallery/1594966088106930331_3982402328497244_5887950030692114695_o.jpg,An animal in the wild
https://magicalmelghat.in/public/images/gallery/1594966117108150939_3278968305492532_7107643211108636329_n.jpg,An animal in the wild
https://magicalmelghat.in/public/images/gallery/1594966158109152885_3996198670450943_4171110658163194646_n.jpg,An animal in the wild
https://magicalmelghat.in/public/images/gallery/1594966172109931082_3278968508825845_953944479802803587_n.jpg,An animal in the wild
https://magicalmelghat.in/public/images/gallery/1602652491WhatsApp Image 2020-10-14 at 10.05.18 AM.jpeg,An animal in the wild
https://magicalmelghat.in/public/images/gallery/164940561834484096_2069447329960475_3946207705227591680_n.jpg,A historical monument
https://magicalmelghat.in/public/images/gallery/1649405741A type cottages at semadoh.jpg,A historical monument
https://magicalmelghat.in/public/images/gallery/164940578729357076_100508604127805_1989747924627619840_n.jpg,A historical monument
https://magicalmelghat.in/public/images/gallery/1649405836IMG-20180115-WA0044.jpg,A historical monument
https://magicalmelghat.in/public/images/gallery/1649406028dormitary at semadoh.jpg,A historical monument
https://magicalmelghat.in/public/images/gallery/1649406333WhatsApp Image 2018-04-25 at 7.49.22 PM.jpeg,A historical monument
https://magicalmelghat.in/public/images/gallery/1649406358kolkas cottage.jpeg,A historical monument
https://magicalmelghat.in/public/images/gallery/1649406530kolkas dormitory.jpeg,A historical monument
https://magicalmelghat.in/public/images/gallery/1649406596KOLKAS 1.jpeg,A historical monument
https://magicalmelghat.in/public/images/gallery/1649406618WhatsApp Image 2018-05-21 at 6.47.21 PM.jpeg,A historical monument
https://www.magicalmelghat.in/public/website/image/close.png,A historical monument
https://www.magicalmelghat.in/public/website/image/close.png,A historical monument
https://www.magicalmelghat.in/public/website/image/satymevlogo.png,A historical monument
https://www.magicalmelghat.in/public/website/image/mh-logo.png,A historical monument
